id,nome,email,idade,cidade,data_registro
1,Erik Lee,lherrera@example.com,64,Mckinneystad,2025-02-23
2,Bruce Lawrence,andrew20@example.com,48,Danielshire,2024-03-11
3,William Moore,bwallace@example.com,18,South Tony,2025-03-11
4,David Brown,matthewmahoney@example.org,34,Reedstad,2023-10-06
5,Leslie Miller,williamsjohnny@example.net,34,Salinasport,2025-01-18
6,Christina Lewis,deborah84@example.org,45,Johnsonmouth,2024-08-04
7,Valerie Long,thomasrangel@example.net,18,Port James,2023-06-16
8,Samuel Johnson,levigray@example.net,35,Bellburgh,2023-06-01
9,Alyssa Ramsey,andrea29@example.com,22,Port Calebport,2024-01-23
10,Blake Kim,ivan12@example.org,64,North Nicolemouth,2024-06-06
11,Adam Walters,jackieknapp@example.org,39,North Shane,2023-06-01
12,Theresa Higgins,edwardsrandall@example.net,46,Port Sara,2023-11-09
13,Brittany Garcia,chungdonald@example.net,57,Ashleyfort,2023-09-03
14,Dawn Ford,robert10@example.com,41,Heatherville,2024-11-18
15,Claudia Martinez,kimtaylor@example.com,69,East Amy,2023-07-25
16,Eric Baker,jonesashley@example.net,32,East Andrewtown,2024-08-08
17,Nicholas Cruz,wdecker@example.org,33,East Rebecca,2023-09-10
18,David Johnson,sabrinabean@example.org,25,West Patriciamouth,2024-07-09
19,Joseph Hickman,robert65@example.com,44,Lake Debraberg,2024-12-04
20,Michael Miller,omoore@example.net,18,Glennshire,2025-03-26
21,Audrey George,jeremymorris@example.com,55,Spencerstad,2024-12-23
22,Tracy Kaiser MD,amycamacho@example.org,70,Lorifurt,2025-02-24
23,Regina Murphy,olsonwillie@example.net,59,Kathrynhaven,2024-01-04
24,Connie Cox,johnwallace@example.net,54,South Saramouth,2024-08-22
25,Taylor Manning,chavezdavid@example.net,64,Lake Matthewberg,2024-10-04
26,James Smith,jessicataylor@example.net,32,Ashleyfort,2025-02-12
27,Nicole Nguyen,uwoodard@example.com,63,New Pamelamouth,2024-06-16
28,Michele Jefferson,gregorycherry@example.net,31,Randolphport,2024-12-20
29,Roger Patton,bradykelly@example.net,57,Peterburgh,2024-08-16
30,Andrew Vaughn,christopher90@example.com,41,Andreaport,2024-10-25
31,Michael Trujillo,michael45@example.net,67,Laurenmouth,2024-07-28
32,Sarah Ramos,rebecca84@example.net,53,Sparksland,2024-07-08
33,Ms. Sheri Mitchell DDS,pamela93@example.net,68,Tylerborough,2024-01-20
34,Seth Rodriguez,nathanleach@example.org,42,Lake Natalie,2024-03-28
35,Bradley Cobb,figueroajessica@example.org,34,Dawntown,2023-12-31
36,Brittney Morales,riverajennifer@example.net,37,Normanside,2023-09-24
37,Antonio Goodman,hendersoneric@example.com,36,East Juan,2024-01-12
38,Michelle Francis,garciawilliam@example.net,52,Dennisville,2025-02-02
39,Christopher White,batesdiane@example.net,32,Lake Steven,2024-11-10
40,Michael Oneal,christopherguzman@example.net,18,Christianshire,2024-08-02
41,Johnny Anderson,andrewdixon@example.org,61,Port Samantha,2024-02-22
42,Patricia Ashley,lisarivera@example.net,61,West Lindsayton,2023-06-07
43,Rachel Nelson,aross@example.org,47,Lake Christina,2024-05-30
44,Susan Olson,vrodriguez@example.com,70,Smithfort,2024-10-21
45,Julie Mccoy,cdavidson@example.net,23,Daviston,2024-02-02
46,Kimberly Wall,taylorrodney@example.com,36,South Samueltown,2024-01-26
47,Veronica Valdez,tylerweeks@example.org,62,Devinmouth,2023-06-12
48,Robert Haynes,kimberlywright@example.com,66,Lake Shannon,2024-09-14
49,Jennifer Lewis,chenann@example.org,52,North Erik,2023-06-26
50,Jason Sullivan,twoods@example.com,40,Stevenmouth,2024-02-09
51,Taylor Summers,isaac23@example.org,42,Lake Cody,2025-03-10
52,Steven Flowers,ricky73@example.org,21,Harveyshire,2023-12-16
53,Thomas Tran,bakerapril@example.org,66,West Adam,2025-03-24
54,Wendy Garza,weaverlucas@example.org,20,Matthewsstad,2024-07-16
55,Michele Thomas,yolson@example.com,40,Reneemouth,2024-09-02
56,Katherine Harrell,joseph81@example.net,34,Simonview,2023-10-08
57,Melanie Davis,anagibbs@example.net,58,Schultzborough,2024-07-25
58,Maria Morris,timothyreeves@example.org,59,Port Nicholas,2024-12-27
59,Peter Lopez,mooremichelle@example.net,28,Bobbystad,2024-11-12
60,Brad Hanson,stefaniecarlson@example.org,44,East Michael,2024-10-26
61,Pamela Ward,mackenziefitzgerald@example.org,54,Benjamintown,2023-06-25
62,Elizabeth Horton,rodriguezzachary@example.org,64,Sergioshire,2024-06-23
63,Angela Castro,ctaylor@example.org,35,Lopezmouth,2023-08-31
64,Linda Young,yfischer@example.net,28,Lake Suzanne,2025-04-02
65,William Wilson,mary35@example.net,24,Port Katrinaborough,2024-05-05
66,Joseph Johnston,dawn14@example.com,50,New Hailey,2024-03-22
67,Jane Roth,connorroman@example.com,34,New Anthonyville,2024-12-21
68,Ana Cooper,earllong@example.com,52,New Paul,2024-06-11
69,Tricia Clarke MD,robertburch@example.org,35,East Collin,2024-08-21
70,Carol Thomas,imiller@example.net,64,Wendyview,2024-07-05
71,Michael Parker,pittmanjared@example.org,22,Shafferland,2024-08-08
72,Kim Mitchell MD,bkim@example.org,22,Alyssahaven,2025-03-29
73,Andrew Howe,erin72@example.org,26,Lindseyview,2024-12-03
74,Valerie Jones MD,richard66@example.com,26,Smithbury,2024-12-18
75,Joseph Weiss,andrewfrazier@example.org,48,Raymondfort,2025-04-10
76,Melinda Donovan,christopherthompson@example.com,62,New Victoriaville,2023-12-18
77,James Hicks,castrojoe@example.org,49,West Mark,2024-04-18
78,James Welch,hmcdaniel@example.net,53,Smithland,2024-06-25
79,Anne Taylor,michael15@example.net,19,West Bryan,2025-03-02
80,Erik Erickson,castrodavid@example.net,23,Kimstad,2023-12-12
81,Christina Fuentes,jacob95@example.com,23,North Stephen,2024-03-17
82,Derek Brown,tiffany09@example.com,36,North William,2024-10-26
83,Elizabeth Bauer,abbottjames@example.net,64,Martinezview,2024-08-18
84,Robert Pittman,gary44@example.net,37,Lake Brian,2025-03-20
85,Kendra Young,ramoserica@example.net,63,Smithfort,2024-09-26
86,Brian York,mosswendy@example.net,63,Ronaldhaven,2023-08-11
87,Megan Brewer,clarkmonica@example.com,30,West Ashley,2024-04-11
88,Maria Wright,zsanders@example.org,36,Lake Philipborough,2024-03-04
89,Ryan Merritt,sullivansamuel@example.net,57,North Josephburgh,2024-02-22
90,Brian Ramirez,ndavis@example.net,67,West Timothyside,2024-08-24
91,Mercedes Gross,jameshowell@example.com,55,East Samanthaview,2025-03-30
92,Kimberly Nelson,eriley@example.org,54,Gonzalesport,2023-06-04
93,Laura Chavez,thomasgary@example.org,23,East Caitlinchester,2024-01-15
94,Ashley Brown,rodgersadrienne@example.com,39,Blackville,2024-12-31
95,Michael Lee,knightdenise@example.net,30,Seanstad,2023-07-11
96,Allen Zhang,kevin24@example.org,64,Beverlyton,2023-12-09
97,Michael Davis,ccarr@example.org,36,North Carlaland,2023-09-29
98,Caitlin King,amoore@example.net,54,North Steve,2024-12-24
99,Travis Pearson,cruzpaul@example.net,50,Clineview,2023-12-25
100,Jacob Thomas,denisebrewer@example.net,63,South Christopher,2024-02-19
101,Kenneth Dawson,sarah24@example.com,24,West Anthonyshire,2023-09-18
102,Sherry Turner,mchavez@example.org,57,Andreberg,2025-02-28
103,Brian Jensen,matthew61@example.org,57,Lake Heather,2024-09-08
104,Alexandra Kennedy,millerjoseph@example.org,24,Sullivanburgh,2024-09-11
105,Brent Benton,browningzachary@example.org,70,Schneiderbury,2025-02-27
106,Lisa Yoder,xyoung@example.com,51,Laneside,2023-06-30
107,Bryan Hicks,tiffanylewis@example.com,47,Port Kelseyhaven,2023-09-21
108,Tyler Pineda,zward@example.org,59,Charlestown,2025-02-21
109,John Wilson,samanthayoung@example.net,40,Smithstad,2024-12-28
110,Anna Baker,powellbruce@example.org,53,Nicholasfurt,2024-08-26
111,James Frost,earlbenjamin@example.org,23,Josephchester,2025-02-16
112,Ashley Fleming,brooke36@example.com,20,East Mariafurt,2024-07-16
113,Steven Miller,wareangela@example.net,30,Seanside,2024-04-23
114,Jeremy Sanchez,mcdanielashley@example.net,67,East William,2023-07-02
115,Angela Baker MD,sean58@example.com,57,North Debra,2023-06-16
116,Rebecca Ramos,tracie48@example.com,43,Lake David,2023-10-06
117,Alan Gonzalez,holmeserica@example.net,64,Roberthaven,2024-06-05
118,Karen Cameron,joanne94@example.net,21,South Rhonda,2024-07-14
119,Tammy Williams,thomasjohnson@example.org,46,Jenniferland,2023-09-21
120,James Spencer,allenchristian@example.org,26,Williamfurt,2024-06-30
121,Virginia Smith,iherrera@example.org,49,East Michaelbury,2024-08-10
122,David Rasmussen,reyesdenise@example.com,59,West Charles,2024-05-18
123,Jason Hendrix,smithalejandro@example.com,63,Sandramouth,2024-10-07
124,Melissa Clarke,elizabeth32@example.net,57,Jacksonmouth,2023-11-09
125,David Soto,jonathan29@example.com,22,Davisfort,2023-07-06
126,Trevor Soto,qvasquez@example.com,57,West Shawnchester,2025-01-09
127,Matthew Robinson,jimmygray@example.org,24,Tracyborough,2024-11-01
128,Karen Vasquez,jennifer61@example.com,22,New Ericport,2025-03-28
129,Terry Gould,lewiseric@example.org,55,Aprilport,2025-03-15
130,Adam Williams,simmonsamanda@example.com,53,Robinsonstad,2024-08-16
131,Luis Brown,garciajessica@example.net,25,East Ryan,2024-03-05
132,April Sims,iphillips@example.net,48,Andrewchester,2024-02-20
133,Mark Parrish,smithcarol@example.org,69,North Randall,2024-08-17
134,Cameron Davis,ellen83@example.net,36,New Travisside,2025-03-02
135,Sandra Harris,kyle42@example.net,18,Danielport,2024-08-27
136,Mark Kelly,stevenholland@example.net,44,Kathleenberg,2024-10-20
137,Karen Mitchell,xcastro@example.com,25,Stevenhaven,2025-03-13
138,Amanda Mack,lisaadams@example.org,51,South Timothy,2024-04-11
139,Robert Mason,leerebecca@example.com,69,Brandonview,2024-02-21
140,Elizabeth Bass,twilson@example.com,52,Bairdshire,2024-12-24
141,Joseph Adams,andrew93@example.com,45,West Davidchester,2025-02-12
142,Christopher Carrillo MD,zpittman@example.com,35,West Kristinashire,2023-10-15
143,Stephanie Jackson,clinton11@example.org,18,Oneillburgh,2025-01-07
144,Dr. Aaron Willis MD,hernandezkevin@example.net,48,East Sharon,2024-12-19
145,Brett Barrett,teresaclark@example.net,59,Robertmouth,2023-10-27
146,Tyler Ball,melissa89@example.net,58,East Jasonberg,2023-07-01
147,John Malone,lewistimothy@example.com,59,Leeport,2025-02-09
148,Mary Hill,richardsondave@example.com,62,Johnathanland,2024-05-11
149,Wesley Hoffman,lisamartinez@example.org,19,Welchstad,2024-07-06
150,Paul Morris,abbottnatalie@example.net,50,Barnesview,2025-02-21
151,Johnny Perry,matthew08@example.org,70,South Ryan,2024-12-28
152,Craig Pearson,deborahwalker@example.org,38,Lake Cynthiaberg,2023-04-25
153,Terry Cooper,johnschmidt@example.net,40,New Pamela,2025-03-05
154,Russell Clark,gregorymorris@example.org,52,South Lisaland,2025-01-17
155,Kimberly Warren,sgreen@example.net,36,North Jennifer,2023-10-17
156,Christopher Proctor,thomasdiana@example.net,46,Amychester,2025-02-08
157,Joshua West,hamiltonamber@example.com,49,Paigehaven,2024-08-24
158,Stacie Hood,matthew21@example.org,52,Mariahport,2024-08-25
159,Andrew Martin,stevensmith@example.com,29,West Deannaland,2024-08-15
160,Shane Matthews,kimberlybaker@example.org,37,Nicoleville,2023-06-12
161,Larry Thompson,osbornejoseph@example.org,67,Jaredbury,2024-10-12
162,Samuel Valencia,nicolegreen@example.com,55,Port Sarahburgh,2024-07-31
163,Eric Price,susanhughes@example.org,37,South Nathan,2023-08-19
164,Bryan Peterson,sarah02@example.com,53,West Lisa,2024-09-02
165,Christopher Brown,mirandarita@example.org,25,West Tamaraville,2023-09-26
166,Teresa Chavez,rstewart@example.com,29,Fryetown,2024-12-25
167,Ashley Owens,louiswallace@example.net,63,New Diane,2023-06-19
168,Erica Holder,denise07@example.org,42,Bauerberg,2023-08-13
169,Lisa Morton,bmorgan@example.net,45,Port Sarahchester,2025-03-22
170,Lisa Watts,annajones@example.com,62,Dunnton,2024-03-25
171,Dana Yu,dominguezmelissa@example.net,68,West Craig,2024-08-13
172,Troy Cervantes,jmercer@example.com,49,South Travisside,2023-12-26
173,Mary Whitaker,mark76@example.com,24,West Jose,2023-07-13
174,Richard Collins,ytaylor@example.com,20,Hernandezmouth,2024-07-25
175,Suzanne Gordon,darrellwilliamson@example.com,20,Bethhaven,2024-02-11
176,Zachary Johnson,awhite@example.org,50,North Melindaborough,2023-06-20
177,Jeremy Robertson,karen76@example.com,30,West Randallborough,2024-03-24
178,Stephanie Peterson,iphillips@example.net,41,North Williamchester,2024-03-05
179,Stephanie Rodriguez,sarah81@example.org,36,East Chadbury,2023-07-07
180,Brandy Brown,anthony77@example.org,62,Brownburgh,2023-08-18
181,David Hunt,james86@example.com,20,Royhaven,2024-03-11
182,Leslie Barber,michael10@example.org,44,Darrenhaven,2024-01-02
183,Kelsey Griffith,egonzales@example.net,20,Fletcherport,2024-12-12
184,Melissa Medina,hernandezkaren@example.net,68,Wrightview,2023-06-02
185,Daniel Wilkerson,michaelperez@example.org,23,North Sarahmouth,2024-05-06
186,James Mcbride,barbaramiller@example.com,34,Michaelport,2024-06-04
187,Bradley Dickerson,jimmyglover@example.net,67,West Randall,2023-09-19
188,Jennifer Hill,laurenpowell@example.org,37,Port Marieview,2024-01-10
189,Todd Mccarthy,patrickmcknight@example.com,22,New Allen,2023-12-27
190,Lawrence Dennis,gonzalezlisa@example.com,63,Pierceborough,2023-04-19
191,Amber Perez,ktaylor@example.net,62,Lake Timothy,2023-05-21
192,Sonia Henry,fstephens@example.org,38,Lake Walter,2023-10-11
193,Michael Vazquez,jamesmelissa@example.net,45,Wilsonville,2024-06-16
194,Douglas Rose,dlewis@example.org,59,New Johnburgh,2024-11-09
195,Emily Li,zjacobs@example.org,40,South Jenniferstad,2024-09-12
196,Daniel Andrews,bsmith@example.net,45,Matthewberg,2025-03-04
197,Dawn Stone,ashleyreynolds@example.com,20,New Shannonborough,2025-01-08
198,Anna Payne,wdeleon@example.net,55,Johnsonmouth,2023-12-15
199,Todd Robles,sarah22@example.net,27,Bowershaven,2024-08-05
200,Rachel Brennan,opatrick@example.net,25,Nicholastown,2024-01-08
201,Robert Bell,vthomas@example.net,46,West Amy,2023-10-03
202,Kristen Holloway,singhterrance@example.com,51,Jonathanland,2024-03-10
203,Terry Ryan,coxjoyce@example.org,69,Ricemouth,2024-08-22
204,Justin Gill,megan41@example.org,62,Reyesbury,2023-08-31
205,Richard Arellano,iwilliams@example.com,67,North Jonathanchester,2023-10-17
206,Hannah Vargas,richardpeterson@example.net,70,Nataliehaven,2023-11-03
207,Kevin Bryant,katrina99@example.net,57,Mollyburgh,2023-10-17
208,Christine Shaffer,fmiller@example.net,39,Carrieshire,2025-03-05
209,Lisa Patterson,nmendoza@example.org,27,Lake Justin,2024-02-21
210,Savannah Stevens,sanchezjimmy@example.net,31,Blackburnland,2023-09-01
211,Christopher Carter,jingram@example.net,62,Port Eric,2024-08-24
212,Bradley Booker,stephensrichard@example.org,65,New Jeffrey,2023-05-21
213,Mitchell Torres,qdavis@example.com,33,West Emilytown,2023-08-17
214,Aaron Huber,steven65@example.org,56,Karenborough,2023-07-11
215,Nicholas Moreno,chendonna@example.net,36,New Patrick,2023-08-08
216,Meghan Callahan,zalexander@example.com,68,Rasmussenport,2023-06-18
217,David Rojas,aclark@example.org,62,New Shawnmouth,2025-03-17
218,Johnny Morris,michael63@example.com,24,Fletcherchester,2025-03-31
219,Brenda Stanton,wintersbenjamin@example.com,58,East Linda,2023-12-01
220,Jesse Roberts,hayesstephanie@example.org,34,North Claudia,2024-03-13
221,Dr. Brian Kerr,vickilewis@example.org,50,Olsenstad,2023-07-13
222,Christina Johnson,ccolon@example.org,32,New Lindashire,2023-06-20
223,Jamie Williams,xhayes@example.com,52,Williamsmouth,2025-03-29
224,Erica Miller,pthompson@example.com,25,Carterport,2023-09-09
225,Holly Chang,jennifergarcia@example.org,25,New Kevin,2024-12-01
226,Rachel Daniels,rebecca61@example.net,43,South Kelliside,2025-01-24
227,James Mercado,xsmith@example.org,55,Samanthatown,2024-02-17
228,Eric Velasquez,tstevenson@example.org,29,Port Zacharyhaven,2025-01-09
229,Tyler Kelly MD,allenmason@example.org,60,New Juliemouth,2024-05-30
230,Mr. Lawrence Barr Jr.,mfischer@example.org,24,Lake Kimberlystad,2023-10-09
231,Kayla Yu,vtaylor@example.org,57,Joshuahaven,2025-02-26
232,James Rivera,emoses@example.org,31,Morenomouth,2023-05-13
233,John Evans,umitchell@example.net,38,Stephenstad,2023-06-14
234,Lauren Davis,joelmartinez@example.org,67,Guerrahaven,2023-12-03
235,David Jackson,jameswillis@example.net,64,North Jo,2023-04-14
236,Vanessa Hernandez,hollandcarlos@example.com,60,South Danielhaven,2024-07-31
237,Roberta Crane,mendozarichard@example.net,19,Hunthaven,2025-03-16
238,Brenda Walker,ileblanc@example.net,21,Angelberg,2024-09-07
239,Brittany Paul,charles19@example.net,38,Drakeport,2023-04-20
240,Ivan Lyons,joseph30@example.net,52,North Stephanie,2024-01-08
241,Michael Edwards,victormiller@example.net,47,West Nicholashaven,2024-01-03
242,Michael Hicks,edwardsjacob@example.org,47,Kristaborough,2023-05-30
243,Luis Macdonald,jessicajohnston@example.org,27,Williamberg,2024-08-07
244,Lisa Hogan,ashley75@example.net,61,New Luisview,2024-03-07
245,Amy Mccoy,brianescobar@example.net,26,West Jasonbury,2023-07-29
246,Donna Wiggins,janicesandoval@example.net,64,Tonyatown,2023-09-06
247,Erin Dean,emcmahon@example.com,35,Alexandriaton,2024-06-06
248,Connie Jenkins,lwilliams@example.net,68,Port Kimberlymouth,2024-02-16
249,Jennifer Tapia,hortonstephanie@example.org,36,Nortonland,2023-07-12
250,Holly Ruiz,mariahmason@example.org,45,Singletontown,2024-07-28
251,William Vazquez,ylawson@example.com,66,Garciaton,2023-08-11
252,Alex Patel,jonesgregory@example.org,44,Hillshire,2023-09-17
253,James Jordan,garrettdarlene@example.net,37,Sheriborough,2024-12-21
254,Alyssa Thompson,robert28@example.org,61,Port Angelaland,2023-09-14
255,Tyler Smith,garcialaura@example.net,20,West Tyroneberg,2024-11-07
256,Robert Gray,jackfrancis@example.org,58,Michaelberg,2024-12-19
257,Billy Gardner,zmcmillan@example.com,52,Jackside,2024-10-08
258,Justin Gilbert,iwoodward@example.net,28,Claytonport,2023-06-03
259,James Olsen,kingbrittany@example.net,24,New Emilyfurt,2024-05-29
260,Brandon Faulkner,joshuapark@example.net,26,Kristenland,2023-12-11
261,Evan Li,ashleylloyd@example.net,23,East Leah,2024-12-27
262,John Brewer,laura90@example.com,34,Jessicaberg,2024-02-04
263,Christina Lynch,baldwinamanda@example.net,36,Robinsonhaven,2024-12-04
264,Gary Fuentes,steven15@example.com,41,Lovetown,2024-12-24
265,Eric Schultz,warrenhooper@example.net,52,West Cynthia,2023-07-03
266,Hannah Hicks,bennettdawn@example.com,61,Grahamport,2024-06-15
267,Lisa Gibson,teresa89@example.net,49,Annettetown,2024-08-20
268,Lorraine Diaz,brianberger@example.net,23,Thorntonmouth,2023-05-30
269,Michael Simpson,lpeterson@example.org,41,West Michael,2024-05-13
270,Samuel Le,zcooper@example.com,66,Port Lisamouth,2025-04-06
271,Carly Cardenas,moorescott@example.org,67,West Dawnfurt,2023-10-07
272,Amy Ware,marisa11@example.net,31,Markside,2023-05-04
273,Eric Hunt,andrew59@example.com,31,Tinahaven,2023-08-19
274,Eric Williams,kshepherd@example.net,40,North Jennifer,2023-07-04
275,Jennifer Tucker,seangreen@example.com,63,Lake Danielle,2023-10-20
276,Mary Hodge,gsaunders@example.net,43,South Williamport,2023-07-17
277,Meghan Jackson,virginia27@example.com,45,Craneton,2023-12-11
278,Jasmine Harris,ubranch@example.org,55,East Karenbury,2023-12-23
279,Lindsay Ewing,tthompson@example.com,47,North Matthewmouth,2024-11-06
280,David Hill MD,manuellee@example.com,24,South Lorraine,2024-01-18
281,Jacob Rosales,markbrown@example.net,51,Dylanfurt,2025-04-03
282,John Smith,obrown@example.org,39,Nicholaston,2024-01-11
283,Michael Carroll,fraziermichelle@example.org,53,Stephanieburgh,2023-10-27
284,Joshua Murray,msullivan@example.net,57,East Audrey,2023-09-16
285,Andrea Rivas,oallen@example.com,34,Aliciamouth,2023-05-02
286,Andrea Holmes,barbara24@example.com,54,Romerofort,2025-02-16
287,Lisa Gross,davisshelby@example.com,40,Jonesberg,2023-05-02
288,Brian Crane,zjohnson@example.net,33,Lake Patrick,2023-12-06
289,Kendra Jones,nelsonmark@example.org,67,Port Matthewborough,2024-03-26
290,Melissa Brandt,adawson@example.org,61,West Shannonfort,2024-06-25
291,Deborah Francis,jamesnelson@example.org,51,Masonhaven,2023-12-03
292,Melanie Oneal,donald35@example.net,60,North Shannonview,2024-09-13
293,Mark Park,yterry@example.net,42,Morrisville,2023-05-21
294,Claire Hartman,haroldkerr@example.com,33,East John,2024-05-13
295,Kyle Martinez MD,veronicahorton@example.com,53,Lowemouth,2025-02-05
296,Mr. Jason Holloway,anthony02@example.net,23,South Christopher,2024-09-05
297,Amanda Harrison,ana46@example.com,47,North Brianna,2025-01-10
298,Lisa Brady,stephen96@example.org,56,Greerview,2023-10-26
299,Yolanda Owens,perkinsdakota@example.net,23,Ramirezmouth,2024-02-12
300,Ruth Marshall,martinstacy@example.org,64,Donovanhaven,2024-12-22
301,Jessica Jimenez,chadyoder@example.com,67,New Melindaburgh,2023-09-19
302,Nathaniel Wise,pagekathy@example.net,64,East Sandraborough,2024-05-26
303,Lydia Williams,caitlinyu@example.org,56,Taylorborough,2025-02-09
304,Charles Mccormick,justin59@example.com,20,Lisaberg,2024-06-09
305,Adam Lynn,tara97@example.com,33,Port Austin,2024-01-20
306,James Duffy,marshallseth@example.com,43,West Amber,2025-02-25
307,Ryan Morton,browncynthia@example.net,57,Port Brian,2023-07-14
308,Justin Garcia,ureid@example.com,41,Smithmouth,2024-01-08
309,Robert Williams Jr.,brianrosario@example.net,43,North Keithfort,2025-01-13
310,Bryan Jones,kevin64@example.org,45,Jesusborough,2024-10-18
311,Regina Figueroa,kgarcia@example.net,35,Burchview,2024-04-17
312,Jeffrey Smith,richardwilson@example.net,69,Catherinehaven,2023-08-02
313,Chad Maxwell,enewman@example.com,26,Jonesview,2025-03-07
314,Christina Edwards,jillgreen@example.com,61,Mcbrideburgh,2024-02-04
315,Sandra Vang,maria15@example.net,30,West Vicki,2024-09-18
316,Wesley Singh,edwardtaylor@example.com,53,Harrischester,2023-08-27
317,Brad Kim,carol82@example.org,44,Port Kurtmouth,2024-10-07
318,Whitney Christensen,edwardtran@example.org,56,Mezamouth,2024-03-20
319,William Miller,ajones@example.com,55,South Amandachester,2024-02-05
320,Isaiah Odonnell DVM,sheenaboyer@example.net,36,New Dianaberg,2025-03-21
321,Gregory Woodard,michaelrichardson@example.org,62,North Tyler,2025-01-20
322,Matthew Hughes,kaitlynbarker@example.com,70,Fosterton,2024-04-11
323,George Graham,edwinterry@example.com,49,East Wayneberg,2024-10-30
324,Suzanne Bonilla,millermichael@example.net,55,Josefort,2024-08-01
325,Michael Miller,jeremy00@example.net,41,West Rhondamouth,2023-04-22
326,Brian Wilson,jared40@example.com,46,Andreahaven,2023-08-23
327,Joshua Ramirez,johnsonrobert@example.org,70,Port Robinfort,2024-09-17
328,Andrew Hughes,teresa85@example.net,45,New Scott,2024-09-27
329,Pamela Wu,lmora@example.net,67,New Angelhaven,2023-10-05
330,Brandon Ward DDS,christiantran@example.org,52,East Cameron,2025-04-09
331,Kenneth Parker,robert70@example.com,36,West Joshuachester,2024-07-13
332,Jennifer Johnson,danielle82@example.net,61,Taylorfort,2023-04-19
333,Cody Henry,sramos@example.net,65,Port Kenneth,2024-01-09
334,Emily Gray,erikalopez@example.org,22,North Kevin,2023-06-24
335,Roger Jones,joshua58@example.org,52,Lopezstad,2025-01-17
336,Amanda Sampson,garciamegan@example.net,49,Colontown,2024-04-17
337,Katrina Cooper,kdavis@example.com,41,Tylerton,2024-08-28
338,James Hall,ralph17@example.com,37,Williamstown,2024-03-19
339,Kristin Collins,annabrock@example.net,25,Port Marilyn,2023-04-13
340,Joshua Lee,hernandezjoshua@example.org,55,Lake Amanda,2025-02-05
341,Keith Guzman,coopermitchell@example.net,61,Port Aaron,2024-05-16
342,Amanda Miller,nancy35@example.com,64,New Clintonchester,2023-09-30
343,Shawn Doyle,ocampbell@example.org,32,Kimberlyside,2025-02-07
344,Alexandra Fry,robert25@example.com,19,Port Erikton,2023-07-24
345,Elizabeth Jones,iwatson@example.net,53,Arellanomouth,2023-06-19
346,Samantha Burke,matthewglover@example.net,42,Cooleyborough,2025-04-05
347,Briana Anderson,jamie02@example.net,51,New Kyle,2025-03-02
348,Jason Martin DDS,annettehill@example.org,45,Ericstad,2025-01-19
349,Lisa Irwin,meghanfry@example.org,40,Mckenziefort,2023-09-20
350,Andrea Ramos,knightbrooke@example.org,68,Mendezhaven,2025-02-07
351,Brandon Harris,michellebeck@example.org,44,Clarkport,2025-03-11
352,Christopher Rodriguez,bradley16@example.org,33,Parkermouth,2023-06-01
353,Devin Dunlap,sara02@example.com,39,Lake Lindahaven,2023-10-30
354,Holly Lee,roberttorres@example.org,54,Crystalmouth,2025-03-14
355,Jennifer Smith,jonathan30@example.org,37,Gonzalezland,2023-10-31
356,Paul Harrison,nicholasstevenson@example.com,46,Mosesland,2024-01-14
357,Gail King,deborahpotter@example.net,55,Paulview,2025-01-14
358,Robert Edwards,ivanmiller@example.net,31,South Valerieshire,2024-07-07
359,Andrew Pollard,swansonrichard@example.net,19,East Christine,2023-09-16
360,Logan Short,zjohnson@example.org,20,South Amanda,2024-06-13
361,Patrick Olsen,mstark@example.net,20,Williamland,2024-08-18
362,Kendra Meyer,dawnmartin@example.org,59,North Valerie,2024-01-26
363,David Carlson,marycalhoun@example.net,24,Carrieview,2023-08-06
364,Allen Castro,duartesteven@example.net,45,Lake Jerry,2024-12-15
365,Krista Brewer,kellybruce@example.net,20,Russellburgh,2024-07-17
366,Zachary Morse,pamela17@example.org,63,New Eugene,2024-04-24
367,Brian Rivas,campbellmark@example.org,64,Christophermouth,2025-01-25
368,Molly Lucas,leslie48@example.com,36,Vegaport,2024-09-19
369,Jaime Thomas,rzavala@example.net,33,East Alexis,2023-07-19
370,Mrs. Andrea Jones MD,meghanbrown@example.net,51,South Karlaberg,2023-09-13
371,Danielle Barnes,deborahlewis@example.net,45,Blackfort,2024-10-05
372,Ann Johnson,shanehunter@example.org,68,Davisberg,2023-08-27
373,Holly Day,ohenry@example.net,36,North Erin,2024-05-06
374,Curtis Horn,gmaldonado@example.org,48,Royton,2023-11-30
375,Robin Roy,taylormary@example.org,48,Lake Kellyton,2023-12-30
376,Peggy Patel,pwheeler@example.com,43,Lake Angelatown,2024-08-19
377,John Hart,ucardenas@example.com,27,Jerryton,2023-05-06
378,Melvin Warren,michaelrogers@example.net,18,East Willie,2025-01-26
379,Randy Reyes,kcopeland@example.net,28,Lake Meghan,2024-12-08
380,David Watson,kathleenramirez@example.org,20,Lake Denisefurt,2024-03-23
381,Caitlyn Montgomery,evanssamuel@example.net,49,Elaineshire,2023-06-14
382,Danielle Castillo,gjackson@example.org,28,Stephenmouth,2024-10-19
383,Catherine Dixon,scottstevens@example.net,41,Weberstad,2024-07-17
384,Francisco Herman,gibsonpamela@example.net,69,Chandlertown,2024-11-24
385,Erik Mercado,kimberly34@example.com,59,Lake Anthony,2024-07-12
386,Jose Meyers,amanda55@example.net,19,North Roberttown,2024-10-26
387,Christine Wyatt DVM,romerojessica@example.com,52,West Jonathan,2024-09-07
388,Christina Gonzalez,watsonbarbara@example.net,51,Sarahchester,2023-12-25
389,Shelley Anderson,mariahanderson@example.net,53,Davidmouth,2025-04-03
390,John Roman,garciaelizabeth@example.org,62,West Devin,2024-04-18
391,Timothy Johnson,qhuerta@example.org,36,Lake Joshuaton,2025-01-16
392,Renee Joseph,iharrison@example.org,28,Davidfort,2023-10-07
393,Scott Smith,sloankristen@example.org,30,Deborahchester,2024-07-23
394,Angela Goodwin,marycox@example.org,64,Port Stephenland,2024-08-16
395,Kelsey Benton,rittersarah@example.com,48,North Johnfurt,2024-05-21
396,Mrs. Sarah Wall DDS,brittany40@example.com,39,Robinsonland,2023-04-22
397,Gabrielle Cuevas,becky48@example.org,42,Campbellville,2025-02-27
398,James Williams,carolyn37@example.net,45,New Karenbury,2025-03-09
399,Michael Crawford,ywashington@example.org,23,South Monica,2023-11-19
400,Debra Johnson,bscott@example.com,22,Murphyside,2024-07-09
401,Stephen Nguyen,rpearson@example.net,43,New Jessicaview,2025-03-31
402,Daniel Valenzuela,hchristian@example.org,44,West Tomport,2024-07-13
403,Sarah Serrano,hillchristina@example.org,69,New Amandashire,2024-08-12
404,David Wood,sarabauer@example.org,56,East Tamara,2023-08-23
405,Michele Jones,vsingh@example.com,66,West Jerry,2024-01-29
406,Renee Avery,pottspaul@example.org,63,Davidchester,2023-09-05
407,Darren Lewis,theresamiller@example.org,40,West Cathy,2024-09-27
408,Whitney Barton,pateljessica@example.net,64,Olsenhaven,2023-05-09
409,Andrew Silva,deborahwest@example.org,60,Alichester,2023-05-24
410,Shane Gonzalez,jeffrey94@example.com,25,North Christopherland,2023-08-23
411,Julie Hernandez,angela69@example.com,68,Lake Davidmouth,2024-09-14
412,Sara Odonnell,heatherlynch@example.net,64,Duncanberg,2023-12-01
413,Mr. William Johnson,nmcmahon@example.net,28,West Jamesland,2023-08-27
414,Kevin Lawrence,uwaters@example.com,35,East Brian,2024-07-13
415,Mr. Michael Gomez,kristiolson@example.com,47,Barberstad,2023-11-07
416,Tina Weiss,robertmendez@example.net,39,Port Eileen,2023-06-12
417,Ashley Mitchell,ljones@example.com,26,Danielmouth,2023-06-04
418,Derrick Johnson,saradavis@example.net,38,West Amyburgh,2024-05-04
419,James Arellano,nicholasrivera@example.com,51,Lunaville,2024-07-13
420,Kevin Griffin,johnthomas@example.org,25,West Williammouth,2024-07-03
421,Aaron Schwartz,gsteele@example.com,19,Kellyton,2023-11-05
422,Charlotte Powers,xvargas@example.net,69,Josephshire,2023-06-16
423,Bruce Griffin,zachary05@example.net,22,Port Erintown,2025-03-11
424,Jill Smith,vgriffith@example.com,49,West Phillip,2023-04-29
425,Tracy Long,bsanchez@example.com,25,South Justin,2024-09-01
426,Sean Padilla,reynoldsbridget@example.net,62,Port Caroline,2024-04-30
427,Andrew Price,james63@example.org,37,South Brent,2023-10-26
428,Ann Joseph,smithdustin@example.net,69,North Richard,2023-09-03
429,Kenneth Davis,jennifer60@example.com,55,Yvonneberg,2024-01-15
430,Jennifer Sullivan,xgiles@example.net,38,South Julie,2024-11-10
431,Anthony Greene,michaelthomas@example.net,26,West Hollychester,2024-09-02
432,Tammy White,robertlevine@example.org,24,Ethanborough,2024-11-07
433,Jessica Davis,wrogers@example.net,43,Lake Brandonville,2023-07-30
434,Teresa Johnson,velasquezray@example.net,41,South Alice,2023-05-09
435,Gabriel Hopkins,froberts@example.org,26,North Mckenzieborough,2023-08-10
436,Anthony George,ulee@example.net,21,West Cameron,2024-04-13
437,Donald Morris,jaclynmoss@example.net,66,South Wesleyville,2023-05-11
438,Christopher Parker,vmendez@example.net,59,South Johnstad,2024-10-30
439,Erin Matthews,eperez@example.com,22,North Michelleland,2023-12-08
440,Richard Jones,ehenderson@example.net,48,Lake Kevinburgh,2024-03-27
441,Audrey Shepherd,ljackson@example.org,20,West Patrickstad,2023-06-21
442,Gina Rodriguez,marcsmith@example.org,32,New Julieview,2024-05-28
443,Alexis Wilcox,nicole57@example.net,21,Michaelchester,2024-12-12
444,Kimberly Harrington,oarmstrong@example.net,53,Steventon,2023-04-27
445,Tammy Guerra,ppratt@example.org,36,West Joseph,2024-08-03
446,Stephanie Zavala,petersenruth@example.org,49,Randyborough,2024-01-25
447,Taylor Thompson,hturner@example.com,21,Stephenmouth,2023-08-04
448,Joel Welch,rodriguezbecky@example.com,53,North Juliefort,2023-05-27
449,Nicholas Gutierrez,joneschristy@example.com,70,Fisherhaven,2024-06-07
450,Samuel Baker,omelendez@example.org,63,Kristinburgh,2025-02-10
451,Fernando Hess,hrivas@example.com,36,South Deniseside,2024-07-09
452,Gary Gibson,jacksonariel@example.org,65,Jeffreyville,2023-11-11
453,Jerry Cole,qolsen@example.net,64,Jamesshire,2024-01-16
454,Jose Brown,contrerasbryan@example.net,22,Cardenasside,2024-11-30
455,Jessica Luna,clintonle@example.com,52,Fletcherfort,2024-11-04
456,Veronica Serrano,cynthia09@example.org,18,Hawkinsberg,2023-06-25
457,Robert Stewart,chad59@example.com,59,Veronicashire,2023-12-16
458,Jack Rodriguez,ybarrett@example.com,42,Lake Kimberlytown,2023-05-11
459,Derek Reynolds,johnbarnes@example.org,64,Port Jeremy,2024-05-01
460,Andrew Guerrero,gmoss@example.com,34,New Aaronchester,2023-11-12
461,Daniel Wilson,baileydorothy@example.net,64,Crawfordshire,2023-06-22
462,Marvin Woods,barbaraharvey@example.org,38,Taylorbury,2023-10-01
463,Christopher Schultz,tara74@example.net,58,South Danielside,2024-02-03
464,Alan Paul,kellykathy@example.org,48,East Matthewview,2023-05-26
465,Charles Anderson,grant99@example.com,55,Michaelside,2025-03-16
466,Jody Mccann,samanthacopeland@example.org,42,Ryanstad,2023-10-25
467,Michelle Scott,beckmary@example.net,58,New Leroy,2025-03-30
468,Timothy Carter,jessica98@example.net,68,Howardview,2024-06-29
469,Michael Chavez,tinamatthews@example.org,36,New Miaside,2023-11-01
470,Courtney White,vbell@example.com,70,Chapmanfort,2023-12-15
471,James Jones,zhuang@example.net,50,North Steven,2024-04-13
472,Ethan Kim,jramirez@example.net,49,Gomezview,2024-02-11
473,Wendy Jones,josephclements@example.net,21,Steveview,2023-10-19
474,Matthew Davis,hillmatthew@example.org,49,Port Andrew,2023-05-13
475,Alex Dawson,stacy81@example.com,39,Philipstad,2024-07-07
476,Jordan Watson,raymichael@example.com,18,Lake Jackfort,2025-03-28
477,Nathan Wolf,danielle06@example.com,52,West Sarah,2024-04-21
478,Jamie Brown,hartmanmark@example.net,58,Rollinstown,2024-08-26
479,Jesse Hoover,littleshawn@example.com,28,Wrightport,2024-10-25
480,Emily Blevins,tanya18@example.org,33,West Maxview,2024-02-23
481,Joanna Robbins,samanthawilliamson@example.org,19,Baileyburgh,2024-09-08
482,John Murray,davisfrederick@example.net,22,Alisonchester,2025-02-28
483,Heidi White,ysandoval@example.com,35,East Mary,2024-03-05
484,Jon Smith,andrew37@example.com,59,New Linda,2024-11-29
485,Alicia Warren,dharrington@example.net,54,Port Chrisberg,2024-07-05
486,Christopher Ramos,vwyatt@example.net,47,Tylermouth,2023-09-29
487,Dawn Baldwin,owallace@example.net,70,Robinsonfurt,2023-05-20
488,Kimberly Jones,smason@example.org,47,West Lisa,2024-07-16
489,Kim Robbins,brianward@example.com,28,Carolinetown,2024-07-14
490,Cameron Cohen,davidlopez@example.com,59,Lake Kimberlytown,2024-06-25
491,Shannon Jones,andreastuart@example.net,53,West Sue,2023-06-14
492,Deborah Curtis DDS,evandominguez@example.org,43,Karenton,2023-08-12
493,Stephen Mckinney,angelasilva@example.com,19,North Alexanderburgh,2023-07-05
494,Douglas Hammond,michaelmiranda@example.org,22,Lake Patrickstad,2024-03-03
495,Natasha Aguilar,tracycarlson@example.org,26,Jennifermouth,2024-11-30
496,Johnny Ferguson,stacy14@example.net,70,Port Sara,2025-01-06
497,Crystal Morris,andrew80@example.com,66,North Deanna,2025-03-23
498,Jordan Cortez,jason10@example.com,35,Colemanhaven,2025-03-16
499,Denise Lopez,vschneider@example.com,29,Claytonton,2024-11-27
500,Jacqueline Cooke,kgarcia@example.org,25,North Mary,2024-11-30
