id;nome;email;idade;cidade;data_registro
1;Stephen Adams;bradleymoore@example.com;42;Deborahfurt;2024-08-17
2;Kenneth Mcdaniel;meghan22@example.com;55;East Jessicaview;2023-08-08
3;Cheryl Ramos;wadeamy@example.org;21;Dunnshire;2023-08-26
4;Dawn Ortega;kbush@example.org;56;West Melissaton;2023-09-14
5;Nicole Davis;stacylawson@example.com;32;Mooreburgh;2023-07-02
6;Alicia Anderson;jacob27@example.net;64;East Taylorside;2023-11-06
7;Sue Jones;lowecathy@example.net;66;South Nicolechester;2025-02-25
8;Charles Osborne;brian56@example.com;57;South Vicki;2023-09-15
9;Judy Perez;zhall@example.org;65;West Manueltown;2025-03-16
10;Loretta Lucas;tammybailey@example.com;54;Lake Gabriellehaven;2024-08-03
11;Kevin Powers;lestersarah@example.com;43;Michaelfort;2024-08-24
12;Johnny Lewis;petermills@example.org;56;Davidside;2024-04-28
13;Margaret Mills;hunter35@example.org;52;Johnsonchester;2024-06-20
14;Jon Orozco;zacharycrawford@example.net;27;Port Patrick;2024-03-19
15;Kevin Bentley;megan02@example.org;32;New Ivan;2023-08-21
16;Randy Leblanc;adamsernest@example.com;29;Morgantown;2025-01-31
17;William Miller;yprince@example.com;44;Ericksonborough;2024-04-21
18;Randall Guerra;kenneth70@example.com;67;West William;2024-09-04
19;Cheryl Nunez;crossvictoria@example.org;58;Graybury;2024-03-24
20;Laura Barber;louis90@example.net;45;East Debraton;2023-12-06
21;Mr. Christopher Brooks PhD;marvin94@example.net;48;South Jamiemouth;2024-07-09
22;Jessica Garcia;phelpserik@example.net;19;Jessicaville;2024-11-27
23;Nicole Cline;parkssandra@example.org;55;North Beth;2024-06-03
24;Joshua Cunningham;fosterapril@example.net;58;Brendaland;2024-02-09
25;Mark Fisher;maria16@example.com;67;East Georgemouth;2024-12-03
26;Brandon Perez;williamsrobert@example.org;40;Port Tiffanybury;2024-03-18
27;Nathan Guerrero;pwhite@example.org;40;Crawfordburgh;2023-07-18
28;Marcia Dean;bushcourtney@example.org;48;North James;2024-07-24
29;Holly Marks;hbaird@example.com;58;East Jamesland;2023-12-31
30;Felicia Fields;paul62@example.com;28;Kathrynhaven;2024-11-29
31;Carol Lee;bushkyle@example.com;37;Caldwellborough;2024-08-16
32;Jamie Ibarra;gillkimberly@example.com;53;Port Victormouth;2024-11-22
33;Shelley Fleming;lanelori@example.org;23;Harrisstad;2023-04-13
34;Jeffrey Medina;sdavis@example.net;67;Lake Theodoreland;2024-11-28
35;Paul Watkins;sierrasmith@example.net;54;Reyesstad;2025-03-16
36;Emily Newman;bruce93@example.com;39;West Dariusbury;2024-08-07
37;Richard Hernandez;cynthiadunlap@example.com;28;Port Marissa;2023-05-11
38;Jason Cervantes;smithmichael@example.net;59;New Jacobville;2025-01-19
39;Stephanie Evans;aguilarkimberly@example.com;55;New Matthewfurt;2023-07-17
40;Rhonda Collins;sarahcarter@example.org;35;Kevinside;2023-05-08
41;James Harrison;kristine38@example.net;40;Lake Donnaview;2024-09-25
42;Michael Anderson;theresahebert@example.org;39;Toddport;2024-08-13
43;Evan Rich;abigailgonzalez@example.org;39;North Shawnside;2025-03-24
44;Stacey Davis;timothy38@example.net;64;East Brian;2025-02-20
45;Daniel Hunt;rromero@example.net;65;Finleyshire;2023-06-02
46;Laura Welch;hfrey@example.org;36;Smithton;2024-05-29
47;Danny Forbes;jesussutton@example.net;25;South Anthony;2023-12-10
48;Brandon Brown;michaelmoreno@example.net;35;North Angela;2023-12-03
49;David Smith;wrobinson@example.net;62;Paulfort;2024-12-23
50;Samantha White;lbenitez@example.org;64;North Stephanie;2024-03-31
51;Amy Contreras;michaelsmith@example.com;31;Sarahland;2024-11-07
52;Robert Robbins;greynolds@example.net;23;East Joshua;2024-09-27
53;Dana Evans;deleonpatricia@example.com;50;Port Lauren;2024-02-19
54;Lee Ramirez;tbrown@example.net;61;Vasquezchester;2023-04-18
55;Donald Walsh;alyssajames@example.org;42;Leachville;2024-08-31
56;Charlotte Rowland;zadams@example.org;57;New Kenneth;2024-09-07
57;Derrick Richardson;erik48@example.com;66;Port Leslieport;2023-10-17
58;Sharon Williams DDS;jamesdean@example.com;43;Port Angelicaland;2023-11-27
59;Nathan Mcdowell;garrettjames@example.org;48;Stephenfort;2024-05-15
60;Phillip Fernandez;williamscott@example.org;28;Jonesshire;2024-02-05
61;Kristin Shaffer;lmullins@example.org;58;North Brittanystad;2024-02-07
62;Jason Luna;bill56@example.com;63;Matthewview;2024-07-18
63;Vincent Marshall DDS;davidortega@example.net;44;Andradeland;2024-07-14
64;Anthony Castillo;timothy07@example.com;38;North Jamesburgh;2025-02-18
65;Krystal Hall;kevinrice@example.net;60;Wolfeton;2023-11-08
66;Steven Schaefer;amandajones@example.com;34;South Stephen;2023-12-17
67;John Lee;wyoung@example.net;69;Lake Evanhaven;2023-10-21
68;Logan Carpenter;evelyndean@example.org;47;Contrerasfurt;2023-11-14
69;Suzanne Dunn;davishenry@example.com;45;Davidtown;2023-07-13
70;Shannon Clark;tateglenn@example.org;70;New Benjamin;2025-01-01
71;Fred Schwartz;justintorres@example.org;52;Horneville;2023-05-19
72;Robert Bailey;frankjonathan@example.org;64;South Crystal;2024-08-17
73;Christopher Garza;jenniferlopez@example.org;47;Port Katherine;2023-09-07
74;Colleen King;lauralove@example.com;45;Garyshire;2023-12-15
75;Teresa Morrow;oschroeder@example.net;19;East Christopher;2023-08-11
76;Tyrone Edwards;ycordova@example.com;51;Mathewstad;2024-02-29
77;Kayla Boyer;xgreer@example.com;30;Jasonland;2024-02-24
78;Jordan Christensen;ymorris@example.org;44;North Matthewchester;2024-04-08
79;Anthony Rivera;juanjefferson@example.net;29;North Justin;2024-11-02
80;Tiffany Abbott;justinmiller@example.org;64;Wilsonville;2023-10-18
81;Harold Torres;enelson@example.org;22;North Davidview;2024-09-06
82;Stephanie Mcclain;laurie54@example.org;32;Scottfurt;2023-08-15
83;David Mitchell;garciajuan@example.com;51;Alexandratown;2024-03-03
84;Jonathan Oneill;leecourtney@example.org;40;New Katrinamouth;2024-07-23
85;Matthew Mcdonald;michaelbrandt@example.com;19;East Charles;2024-11-26
86;Jeremiah Young;gwilliams@example.org;51;West Sheilafurt;2024-04-16
87;James Jones;michael11@example.net;67;Brandonbury;2023-04-30
88;Mary Peters;ncook@example.com;58;Joshuahaven;2024-01-21
89;Jaime Vargas;james54@example.org;40;West Angela;2025-03-09
90;Joshua Miller;lawsonlouis@example.com;20;Perezmouth;2024-05-03
91;Brittany Ross;william75@example.com;46;Carlosburgh;2023-11-15
92;Robert Shields;vicki54@example.net;62;Lake Donna;2025-03-06
93;Frank Hartman;hwalter@example.net;26;Port Ryan;2024-09-20
94;Andrew Jacobson;whitejohn@example.org;53;Amberside;2024-07-17
95;Michael Shaw;cervantesbrian@example.net;25;Marvinbury;2024-07-03
96;Tracy Garcia;kaylajohns@example.com;30;Andradetown;2025-02-05
97;Kelly Arnold;robertmurphy@example.net;39;Lake Michael;2024-01-27
98;Tina Mora;carlamoore@example.com;28;Meltonberg;2025-03-11
99;Miranda Jones;angelapatel@example.org;39;Fordborough;2024-09-29
100;Clayton Robertson;gilltara@example.net;63;Rogerston;2023-08-20
101;Gabrielle Castro;wesley88@example.net;63;Hicksshire;2023-11-12
102;Alexandra Martinez;matthewvaldez@example.net;41;Deborahfort;2025-03-08
103;Savannah Hernandez;samuelwalls@example.org;26;Alexanderland;2024-02-10
104;Kelsey Torres;karijohnson@example.org;20;Port Emilyfurt;2024-04-29
105;John Sims;lindseychristian@example.org;20;East Daniellestad;2023-06-11
106;Samantha Lara;richard49@example.net;32;South Nicholas;2023-07-06
107;Katie Foster;james54@example.net;63;Seanborough;2025-03-20
108;Tara Ray;younglaura@example.com;33;East Danielborough;2025-03-30
109;Cassidy Beck;ucordova@example.net;37;Russellport;2023-08-06
110;Michael Jones;banksmatthew@example.org;36;Martinville;2023-10-31
111;Nicole Johnson;cummingsmark@example.com;33;Sarahton;2024-08-22
112;Nathan Carter;marshalloscar@example.com;55;North Richardhaven;2023-10-11
113;Brittany Hernandez;xodom@example.org;37;Richardsonville;2024-04-30
114;Rose Smith;vpalmer@example.org;41;Vazquezchester;2023-07-15
115;Jimmy Ramsey;bortega@example.com;68;Morseville;2024-11-04
116;Molly Wells;kathyray@example.org;20;Port Travis;2025-01-20
117;John Young;watsonstephanie@example.org;69;Davisberg;2025-01-06
118;Melanie Taylor;alicia03@example.com;20;Smithhaven;2024-02-22
119;Kara Jackson;victoria68@example.net;53;Nathanton;2023-09-17
120;Samantha Douglas;jessicahawkins@example.com;56;Evanston;2024-10-24
121;Christopher Johnson;charlesdiaz@example.net;50;New Justinmouth;2025-02-28
122;Corey Rogers;rowealicia@example.com;20;West Franklinside;2023-04-13
123;Aaron Mckay;jasonwright@example.com;42;Changbury;2025-01-28
124;Steven Lang;alvaradobenjamin@example.com;35;Robinsonbury;2023-11-13
125;Pedro Hernandez;ashleyliu@example.com;33;Norrisland;2024-12-11
126;Richard Allen;pricemelissa@example.net;18;New Rachelmouth;2023-04-22
127;Thomas Dyer;edwardmurray@example.org;43;Lake Benjaminport;2024-10-29
128;Matthew Gonzales;phillipwilliams@example.com;21;Stephenville;2024-06-05
129;John Curtis;timothybrooks@example.com;50;Aaronfurt;2024-07-27
130;Steven Donovan;wscott@example.com;50;Lisaton;2024-12-07
131;Scott Green;nelsonjaime@example.net;48;South Stephen;2023-04-30
132;Jason Ray;loretta79@example.org;18;Montgomeryside;2023-06-03
133;James Harris;kathrynwong@example.org;22;Kaufmanhaven;2024-06-29
134;Michael Henson;lwoodard@example.com;54;Lake Cynthia;2025-02-21
135;Julie Marquez;yvonne18@example.net;53;Jameston;2023-11-07
136;Terri Cuevas;henry65@example.org;55;Murrayville;2024-10-04
137;Melissa Leon;jonesmark@example.com;36;Lake John;2023-07-22
138;Donna Jackson;kenneth91@example.com;40;Jacobchester;2025-02-23
139;Stephen Moody;robertlee@example.net;26;Dillonchester;2023-05-28
140;David Edwards;murphyamanda@example.net;39;Collinschester;2025-02-08
141;Cynthia Sanchez;jodijackson@example.org;52;Jaimehaven;2023-10-03
142;Anita Hart;connorlindsey@example.net;19;New Stephanie;2023-10-13
143;Aaron Caldwell;tracyberg@example.org;41;Lake Kelli;2025-01-05
144;Keith Webb;rodriguezandrea@example.net;44;East Loriton;2024-08-11
145;Tasha Patterson;jessica17@example.com;28;South Cynthia;2023-12-10
146;Nicholas Thompson;garysmith@example.com;51;Moorebury;2023-09-18
147;Lauren Baldwin;ovelazquez@example.org;53;Ewinghaven;2024-08-15
148;Kelly Mendoza;stephengarcia@example.net;56;Port Sonya;2023-08-15
149;Joshua Jones;heather30@example.net;35;Lake Jeremyborough;2023-05-10
150;Mrs. Madison Rice DDS;kgentry@example.com;32;South Gabrielfurt;2023-11-25
151;Andrea Winters;whitneyhall@example.org;70;Joshuaview;2023-06-26
152;Ryan Arnold;rachaelbanks@example.org;66;New Paul;2023-11-27
153;Brenda Smith;thomasroth@example.org;39;South Nicole;2024-08-31
154;Elizabeth Richardson;tyler26@example.com;51;Jamiehaven;2023-10-24
155;Danielle Hernandez;kingcynthia@example.com;28;Glennland;2024-10-26
156;Kimberly Soto;pblanchard@example.org;45;Kimberlymouth;2023-09-25
157;Linda Oliver;ybrooks@example.com;27;South Thomas;2023-05-05
158;Julie Fields;lancegutierrez@example.com;64;West Kristenchester;2024-11-01
159;Allison Buchanan;laura32@example.org;60;North Dawnberg;2024-04-10
160;Jonathan Hudson;gregoryjennings@example.com;56;East Sheila;2023-10-15
161;David Ferguson;xpalmer@example.org;28;Frenchville;2023-04-11
162;Kelly Nguyen;ashley08@example.com;50;Contrerashaven;2024-11-05
163;Beth Wade;ihamilton@example.org;46;Morrisview;2025-04-01
164;Erin Stanley;gregory63@example.org;43;New Lance;2023-12-29
165;Cynthia Myers;tscott@example.net;19;Wallaceville;2025-04-01
166;Matthew Thompson;martinpatrick@example.net;24;South Shannonstad;2023-05-15
167;Michael Griffin;elee@example.net;39;West Frank;2025-03-02
168;Jerry Williams;maciaspatricia@example.com;47;South Debrafort;2024-02-24
169;Scott Lewis;tamara56@example.org;55;Lake Stephanieview;2023-07-21
170;Casey Wagner DDS;jeffrey20@example.net;25;Port Mary;2024-04-29
171;Timothy Valenzuela;yosborn@example.org;30;Schmidtville;2025-01-25
172;James Murphy;brownmadison@example.com;40;Kevinhaven;2024-04-20
173;Jason Jensen;janderson@example.com;36;Michelleland;2024-12-07
174;James Smith;duffyjeffrey@example.net;43;Esparzahaven;2023-07-19
175;Stephen Webb;rowlanddavid@example.net;59;Scottshire;2023-05-24
176;Justin Jones;collinsvanessa@example.net;38;Allisonchester;2023-12-09
177;Rachel Horne;robertoobrien@example.net;52;Meyerland;2025-03-12
178;Peter Graves;howard66@example.net;25;Joelchester;2024-03-10
179;Aaron Newman;ssantos@example.com;25;Kelliland;2023-04-05
180;Michael Stafford;agonzalez@example.com;40;West Jennifer;2024-01-17
181;Carlos Aguirre;uyang@example.net;46;Hernandezborough;2024-11-10
182;Cheryl Barry;jenniferparker@example.net;29;Port Lisa;2023-10-08
183;Michael Hoffman;mpatterson@example.net;65;South Michelleport;2023-07-21
184;Laura Orr;ashleyalvarez@example.net;22;Lopezborough;2023-04-19
185;Dennis Marshall;parsonscurtis@example.net;70;Ernestmouth;2023-05-30
186;Todd Keller;floresrobert@example.net;42;Lake Kristabury;2024-08-26
187;Lawrence Alexander;joe58@example.com;44;Port Georgechester;2023-12-26
188;John Ford;gwilson@example.net;44;Lake Stevenside;2024-03-12
189;Daniel Williams;crystal69@example.com;46;North Jessicaborough;2025-02-28
190;Diana Cook;radams@example.org;44;East Chrischester;2024-05-13
191;George Maldonado;erikaarellano@example.net;64;Martinezborough;2023-05-03
192;Taylor Horn;tiffany56@example.net;46;New Mackenzieberg;2023-12-31
193;Jennifer Nguyen;scottamanda@example.com;38;Bradyhaven;2023-11-12
194;Kimberly Moore;jeanette63@example.org;70;Kellyhaven;2023-07-05
195;Melissa Mcdonald;rfreeman@example.com;46;North George;2024-01-09
196;Gabriela Adams;mcgrathjoshua@example.net;26;North Robert;2024-05-05
197;David Hayden;matthew78@example.net;25;South Patricia;2023-09-28
198;Jennifer Gates;andersonanthony@example.com;67;Codyport;2024-01-31
199;Mrs. Tammy Williams;sandragonzalez@example.org;63;Port Jeremy;2023-05-21
200;Kari Guzman;garyprice@example.net;43;North Anthonymouth;2023-05-05
201;Gabriel Henderson;whart@example.net;28;South Matthew;2025-01-19
202;Oscar Reed;nicholas91@example.org;44;Denisemouth;2024-09-01
203;Justin Welch;yolanda03@example.net;35;Port Tiffanyburgh;2023-04-18
204;Danielle Bell;lallison@example.net;59;West Debramouth;2024-04-03
205;Christopher Alexander;gcontreras@example.com;35;New Duane;2023-08-16
206;Daniel Aguirre;marymccoy@example.net;53;Lake Emily;2024-03-16
207;Todd Shea;dobrien@example.com;61;Juarezmouth;2023-12-03
208;Jessica Wilson;xsampson@example.net;46;Turnerside;2025-02-11
209;Raymond Cross;erikarivas@example.com;38;Wallaceton;2025-01-16
210;William Burns;courtneyrobles@example.com;55;North Jacob;2024-11-24
211;Debra Strickland;stevetrevino@example.com;49;Mosesville;2024-09-06
212;Stephanie Bowers;susan53@example.com;24;South Crystalfurt;2024-11-07
213;Joshua Garrett;martinyoung@example.org;62;Jonesfurt;2025-02-22
214;Rachel Kelly;bbrewer@example.net;58;New Elizabeth;2023-08-28
215;Terry Walker;edwinrivera@example.com;64;Billyville;2024-04-07
216;Rebecca Trujillo;cuevaserika@example.com;34;Leonstad;2023-11-12
217;Karen Thompson;haleywhite@example.org;57;New Heather;2024-09-20
218;Roy Drake;brianwarren@example.org;46;Lake Traviston;2024-08-03
219;Matthew Bradley;watersjeffrey@example.net;70;Fergusonmouth;2024-03-14
220;Ryan Mckay;petersonthomas@example.org;22;Marshallview;2024-03-03
221;Anita Schneider;joseph10@example.org;40;Hodgestad;2023-10-04
222;William Lawrence;kristen49@example.net;31;Brandonburgh;2025-03-05
223;Stephanie Bolton;jacksonmichael@example.net;27;East Tammy;2024-07-18
224;Helen Foster;susan28@example.net;24;Seanbury;2024-06-02
225;Mary Jackson;michaelolson@example.net;35;Nicolebury;2024-08-12
226;Tracey Murray;rsandoval@example.org;58;Hutchinsonport;2025-03-30
227;Rebecca Morales;caseymiller@example.org;37;Robbinsmouth;2024-05-08
228;Christian Nguyen;christopherfox@example.org;30;North Jeanette;2025-01-17
229;Timothy Fernandez;nathancampos@example.com;56;Kennethville;2024-03-04
230;Miranda Meyers;floresjoshua@example.com;27;Chaneybury;2025-02-26
231;Kevin Romero;joshua58@example.net;49;Josechester;2023-05-30
232;Ronald Cooper;nancyfranklin@example.com;60;New Sara;2024-04-30
233;Phillip Meyer;erika73@example.net;41;Troyfort;2024-06-14
234;Jeremy Ball;mhaley@example.com;34;East Katiefurt;2024-07-02
235;Barbara Martinez;spowell@example.com;19;New Michelle;2024-09-14
236;John Henderson;daniellesanchez@example.com;59;North Michael;2024-01-03
237;Rebecca Cook;mrivera@example.com;24;Lake Robert;2025-01-18
238;Raven Barajas PhD;georgearias@example.com;27;Nicholsonchester;2025-03-14
239;Michele Mason;annagraves@example.net;40;Zacharybury;2023-08-27
240;Emily Frank;hancocksamantha@example.com;68;Karamouth;2025-01-19
241;Timothy Sloan;lesliewilliams@example.com;30;Robertstad;2023-10-25
242;Ronald Sullivan;williamsnicholas@example.com;40;Lake Josephberg;2024-04-17
243;Patty Cardenas;morenojeffrey@example.org;42;North Anthonybury;2025-03-09
244;Bethany Morales;ostevenson@example.net;67;Chanmouth;2024-10-12
245;Tracey Jenkins;laurenaguilar@example.net;28;Port Brianside;2023-08-31
246;Emily Nguyen;hayeswilliam@example.net;31;Andrewmouth;2024-07-16
247;Wanda Jackson;catherine54@example.com;36;Benjaminberg;2024-05-10
248;Jonathan Livingston;parkerjeremy@example.net;55;Perryside;2023-05-04
249;Phillip Smith;smithandre@example.org;33;Amandaview;2023-05-27
250;Michael Mcfarland;john42@example.org;47;Ortizborough;2023-11-02
251;Patricia Thomas;rosenorris@example.org;49;New Jacquelineborough;2023-09-08
252;Tyrone Thomas;jennifer83@example.com;19;Ritterstad;2024-12-13
253;Michael Brown;jameswilliams@example.com;70;Jenniferland;2023-06-11
254;Allen King;kirbytravis@example.com;61;Alexandermouth;2023-05-05
255;Phillip English PhD;zingram@example.net;66;Youngville;2024-06-25
256;Miguel Jones;clarkebrandon@example.net;31;Lesliemouth;2025-03-16
257;Natalie Reyes;phillip88@example.org;61;Sullivanbury;2023-11-20
258;Christopher Hawkins;carlaromero@example.org;20;Cynthiaville;2024-12-28
259;Andrew Shaw;travis30@example.org;66;East Nicholasfurt;2024-11-22
260;Adam Price;ayersaustin@example.com;56;East Patrick;2024-10-03
261;Craig Dunn;walljames@example.net;47;Ruthview;2024-02-14
262;Sue Thompson;jay66@example.org;63;South James;2023-07-18
263;Amanda Buchanan;courtneychavez@example.org;31;Lawrenceville;2023-06-21
264;Kimberly Lambert;dvaughan@example.com;23;East Michaelmouth;2024-01-14
265;Gregory Davis;karen04@example.com;38;Kevinport;2024-12-23
266;Brian Everett;kristen69@example.com;70;North Jill;2023-10-01
267;Stacey Hamilton;wadejennifer@example.net;25;Jeremyfort;2023-11-08
268;Alexis Bryan;nataliejohnson@example.com;64;East Andreafort;2025-03-16
269;Phillip Lucero;michelle58@example.net;50;Powellport;2023-07-11
270;Jacob Wong;contrerasamber@example.net;62;Port Thomasmouth;2024-07-14
271;Dr. Jennifer Solomon;hutchinsonlaura@example.org;56;Lake James;2024-11-06
272;Angela Massey;lorrainebutler@example.net;45;East Sara;2023-09-06
273;John Ruiz;maria49@example.com;48;Kevinstad;2023-05-26
274;Kristine Duncan;perezmichael@example.net;58;Dawnside;2024-09-04
275;Gail Cline;uvazquez@example.com;49;Maryville;2024-08-01
276;Harry Delgado;chloe22@example.net;44;Jamesmouth;2023-04-06
277;Jennifer Rivers;lisa12@example.com;61;Lake Michelleberg;2024-03-31
278;Kristen Gonzalez;vreynolds@example.net;24;Thomastown;2024-03-22
279;Charles Wang;kennethknox@example.com;26;Mercadoberg;2024-06-13
280;Crystal Burton;zvasquez@example.net;26;East Susanfort;2023-06-04
281;Casey Phillips;ernestcohen@example.net;31;Lake Christopher;2023-09-13
282;Robert Odonnell;derrickjones@example.net;41;Walkershire;2024-01-26
283;Mr. Joshua Hendrix;ronald89@example.org;42;West Thomasburgh;2023-07-03
284;Erin Bennett;carolynsnyder@example.com;50;Port Andresport;2024-12-11
285;Sheena Rivera;angela85@example.net;65;Port Ryan;2025-04-02
286;Antonio Peterson;margaretlawson@example.net;20;Vincentside;2025-03-02
287;Matthew Moore;xfrank@example.com;33;East Sandraburgh;2023-04-28
288;Jill Wright;brian78@example.com;61;Ramirezstad;2024-05-19
289;Michelle Marshall;wolfjason@example.org;45;East Tammychester;2024-12-10
290;Annette Meyer;fhenderson@example.com;27;Port Matthewhaven;2024-02-22
291;Nicole Reeves;bensonrhonda@example.com;28;Patriciaview;2024-09-17
292;Sydney Diaz;hardyzachary@example.net;18;New Lisa;2023-07-01
293;Marissa Kelly;vanessamartin@example.net;20;East Alicehaven;2023-07-08
294;Lauren George;williamsbeverly@example.com;61;Thomasport;2023-11-15
295;Misty Hamilton;shafferbeth@example.org;30;New Karlborough;2024-06-28
296;Aimee Anderson;jeffery04@example.net;26;Gutierrezchester;2024-09-12
297;Nancy Wood;noahstanley@example.com;47;South Michael;2023-08-26
298;Angel Stewart;whitewhitney@example.com;44;Robertland;2024-11-10
299;Stephanie Cain;lewisdominic@example.net;23;Thomasfurt;2023-08-07
300;Maria Johnston;wolfbrent@example.org;34;East Kerriborough;2024-12-30
301;Heather Welch;mary63@example.net;63;Marialand;2023-05-27
302;Mrs. Danielle Contreras;scottpatricia@example.com;60;West Jamesmouth;2024-11-26
303;Olivia Ray;eduardo32@example.com;38;North Andrewmouth;2024-03-26
304;Rebecca Harvey;baileyjennifer@example.net;36;Kristenmouth;2024-02-07
305;William Sullivan DDS;fisherleah@example.org;68;Port Melissaberg;2023-11-26
306;Christine Gordon;longjoseph@example.com;39;New Karen;2025-03-16
307;Kimberly Jenkins;yangjeremy@example.net;67;Underwoodmouth;2024-09-24
308;Gregory Bradley;stephen28@example.com;44;West Christopherview;2024-04-26
309;Richard Stevens;amy15@example.com;29;South David;2023-04-08
310;James Lewis;robin56@example.com;33;Port Alexandriashire;2025-02-25
311;Chelsea Taylor;timothygill@example.org;25;East James;2024-01-24
312;Gregory Johnson;georgemeyer@example.org;53;Port Howard;2023-07-03
313;Christopher Ward;karen36@example.com;69;New Kristen;2024-12-07
314;Kimberly Stevenson;davidking@example.com;38;Kimview;2024-09-12
315;Tonya Williams;pattersonmichael@example.com;66;Hartmanport;2024-06-09
316;Ernest Nunez;matthewshields@example.org;45;Edwardborough;2024-01-08
317;Brittany Ponce;sanderslinda@example.org;62;Rachelchester;2025-02-05
318;Ryan Ross;gonzalesjacob@example.com;49;New Margaret;2023-05-11
319;Victor Lin;leenathan@example.org;65;Morenoland;2023-07-11
320;Marissa Phelps;suttonbrandy@example.net;66;Hardinmouth;2023-11-23
321;Karen Johnson;stephanie39@example.com;19;West Jeremyhaven;2023-08-05
322;Brian Vargas;uford@example.net;18;Burgessville;2023-07-19
323;Kristen Ochoa;vrodriguez@example.net;23;Erinside;2025-03-24
324;Alyssa Jackson;bdillon@example.net;66;South Amandachester;2023-08-29
325;Theresa Lee;christophersmith@example.com;66;Stacieberg;2023-06-09
326;Dean Arnold;tannerjohnson@example.net;51;Timothybury;2024-11-13
327;Wayne Lee;thomas21@example.org;22;Port Johnhaven;2025-01-25
328;Willie Sanchez;davidmatthews@example.org;43;Cherylburgh;2023-06-09
329;Brittany Dennis;odominguez@example.net;33;Port Clarenceshire;2023-08-08
330;Wendy Hoffman;fordmatthew@example.net;22;South April;2024-11-19
331;Megan Garcia;hamiltonjohn@example.com;48;Lake Andrewburgh;2025-01-29
332;Kayla Hall;theresa44@example.org;63;Audreystad;2023-07-28
333;Paul Ramirez Jr.;danielturner@example.net;29;Robertsview;2023-09-18
334;Kari Price;jameswhite@example.org;48;Brennanview;2024-08-13
335;Angelica Marshall;egraves@example.com;58;Lake Connie;2025-02-10
336;Miranda Sanchez;davisjacqueline@example.net;67;Garciafurt;2024-03-16
337;Johnny Brown;waltonmelissa@example.net;32;Lake Dalton;2024-09-27
338;Stacey Anderson;lawrencebobby@example.net;67;North Mariah;2023-04-16
339;Andrew Roberson;wrightchase@example.com;29;South Nancymouth;2024-02-16
340;Lisa Conway;thomasavila@example.net;35;Georgemouth;2024-09-04
341;Miss Mackenzie Ball;terriyoung@example.net;65;Bridgesstad;2023-10-18
342;David Gonzalez;matthewsaaron@example.com;47;Julieside;2023-04-22
343;Nancy Edwards;gbell@example.org;53;New Brittanyview;2024-10-21
344;Warren Rhodes;nmarsh@example.net;27;Jordanfort;2024-01-07
345;Edward Perez;villarrealpeter@example.net;25;Cookberg;2024-03-14
346;Timothy Berger;megan73@example.org;52;Grantfort;2024-09-07
347;Juan Mathis;williamwilkins@example.net;34;South Courtney;2023-04-23
348;Lisa Bradshaw;sjones@example.org;49;Garzaside;2024-10-24
349;Kimberly Rivera;karen71@example.org;21;Reeseberg;2025-02-23
350;Austin Stout;swright@example.com;39;Lake Meganhaven;2023-09-02
351;Kim Willis;vsutton@example.org;60;West Michelletown;2024-08-10
352;Amanda Smith;stephen70@example.net;32;Emilyport;2024-03-25
353;Nicholas Ewing;cheryl68@example.org;19;South Mariaville;2024-11-10
354;Michael Murphy;rileychristopher@example.net;67;Hernandezborough;2024-11-24
355;Lisa King;thomas04@example.net;55;West Kathleen;2023-12-17
356;Caitlin Glover;hcruz@example.com;40;Port Kevinmouth;2025-02-08
357;Patrick Alvarado;wilsonnancy@example.org;50;Dawnton;2023-10-05
358;Kimberly Garrison;mdavis@example.org;29;New Joseph;2024-03-03
359;Melissa Rodriguez;ewhitaker@example.net;64;Davidhaven;2023-07-18
360;Robert Wright;rachel36@example.net;27;Gibsonborough;2023-04-10
361;Kyle Walker;georgescott@example.com;58;Port Ryanstad;2024-02-22
362;Dawn Hoover;elizabethlewis@example.com;61;Ericfurt;2024-08-02
363;Joseph Paul;uanderson@example.com;19;Rosarioside;2024-10-21
364;Veronica Smith;robert40@example.com;23;East Wendyfurt;2025-01-23
365;Maria Lopez;halllogan@example.org;45;West David;2025-02-23
366;Richard Elliott;brandon20@example.org;23;New Sandrahaven;2024-12-27
367;Janet Thomas;matthewthompson@example.com;57;North Jesse;2023-07-22
368;Marie Bradshaw;daniel16@example.com;59;West Dennisland;2024-09-14
369;Abigail Robinson DDS;donna98@example.net;21;North Nicole;2023-08-11
370;Elizabeth Horn;popejason@example.net;31;North Andrewtown;2024-05-24
371;Hannah Barnes;vincent49@example.com;67;Leslieland;2023-07-11
372;Karina Nguyen;jonathan84@example.org;62;North Matthew;2023-05-12
373;Tammy Harris;richardrowe@example.org;68;Woodsland;2023-05-08
374;Richard Carlson;veronica50@example.net;43;Port Melinda;2024-03-07
375;James Larsen;englishjonathan@example.org;30;Nicholsonport;2024-02-25
376;Michael Whitney;hodgestheresa@example.com;43;West Loriville;2023-04-11
377;Sharon Harmon;lisamay@example.net;53;Lorifurt;2024-12-28
378;Nancy Jackson;jcruz@example.org;21;Wilsonmouth;2025-01-05
379;Franklin Simmons;angelayates@example.org;30;Woodsside;2023-12-07
380;Carla Brown;jeremy09@example.org;59;Brianmouth;2023-04-22
381;Christopher Williams;anthony98@example.net;69;Adamville;2025-01-07
382;John Schultz;mreyes@example.net;25;New Kathrynborough;2025-03-12
383;Jessica Smith;tyler74@example.org;57;New Jonathan;2023-04-30
384;Dale Miller;hallrodney@example.com;47;Barrettmouth;2023-12-06
385;Angela Wells;richardhess@example.com;54;West Codyport;2023-09-24
386;Michael Williams;singletonkimberly@example.com;59;Port Maryview;2025-02-09
387;Timothy Mccarthy;levineryan@example.com;29;Baileyside;2024-02-22
388;Jason Brown;andrewsbrianna@example.net;43;Markburgh;2024-11-03
389;Manuel Cohen;tobrien@example.org;64;Baldwinfort;2025-02-27
390;Jasmine Thompson;juliewatson@example.org;37;West Gabrielle;2023-04-19
391;Paula Villa;thomas24@example.org;45;Velazquezburgh;2023-12-25
392;Sara Mckay;pjohnston@example.net;42;Theresaview;2023-10-21
393;Amanda Jones;mhurley@example.org;52;Bakerhaven;2024-07-27
394;Timothy Stanley;alowe@example.org;59;South Michaelmouth;2024-12-12
395;Olivia James;sandrabennett@example.com;50;New Christophershire;2024-04-02
396;Dr. Shaun Smith MD;ocastro@example.org;52;Nicolebury;2024-01-06
397;Ryan Lopez;amanda00@example.com;44;New Kimberlystad;2023-10-11
398;Andrew Garcia;lindastewart@example.org;25;Lake Daniel;2024-08-17
399;Jennifer Gutierrez;christophertaylor@example.com;58;West Gregory;2025-03-06
400;Benjamin Sherman;bennettmeagan@example.net;46;East Diana;2024-09-02
401;Joshua Burgess;douglas80@example.com;23;West Joshuamouth;2024-02-06
402;Leslie Chen;arthurbowers@example.org;40;Joycemouth;2023-12-10
403;Bruce Kim;gonzalestravis@example.net;48;Port Emma;2025-01-19
404;Kenneth Drake;brandonlawson@example.com;68;Port Monicastad;2024-04-19
405;Michael Daniels;ruthcowan@example.org;33;Amyshire;2023-09-24
406;Nancy Grimes;mandy51@example.org;37;Amandaview;2024-04-17
407;Sydney Jones;gonzalezstephanie@example.net;39;Lake Kevinfurt;2023-09-08
408;Courtney Coleman;richard90@example.com;51;Javierbury;2024-06-03
409;Randy Montgomery;angela79@example.net;41;Lake Donald;2023-12-15
410;Lori Miller;johnbray@example.net;43;Brittanyhaven;2023-05-31
411;Christopher Green;julienunez@example.org;44;New Codyport;2024-01-24
412;Margaret Solis;christysmith@example.net;33;Markchester;2024-02-23
413;Michelle Smith;mossmckenzie@example.net;30;West Joshua;2023-12-03
414;Teresa Johnson;pricejohn@example.com;54;Sanderstown;2024-09-14
415;Ashley Sims;davidkennedy@example.org;59;Spencerville;2023-04-26
416;Ashlee Smith;ljordan@example.net;42;West Geraldfurt;2023-07-09
417;David Jones;zrussell@example.net;22;South Kathyport;2025-01-11
418;Tyrone Parker;snydermichelle@example.com;49;New Kristen;2023-12-28
419;Michael Hubbard;wallacemichelle@example.org;54;Lake Jessicaside;2024-02-22
420;Robert Berg;lisawalker@example.net;69;Lake Melissashire;2025-01-21
421;Christopher Wilson;lozanokatherine@example.net;37;Port Billyborough;2025-02-23
422;Jessica Martin;jamescarter@example.org;22;Elizabethland;2023-08-31
423;Anthony Daniel;billyjordan@example.com;45;West Jostad;2024-10-09
424;Michelle Hernandez;ashley18@example.org;54;Millerville;2024-05-30
425;Kelly Leonard;joshuapierce@example.org;27;Gomezview;2025-03-11
426;Melissa Johnson;ahall@example.com;51;South Michaelburgh;2023-09-11
427;Jose Moore;yshaw@example.net;27;Andersonland;2023-06-05
428;Brandy Bradshaw;rrobinson@example.net;59;East Nathanhaven;2023-12-22
429;Gregory Nichols;griley@example.com;41;Jamesside;2023-08-17
430;Jeffery Brown;jose17@example.com;18;Nealchester;2025-01-13
431;Max Shaw;murraytrevor@example.net;26;Carlosstad;2025-01-09
432;Katelyn Ramirez;jacquelinewright@example.com;58;East Andrea;2025-01-02
433;Christopher Cooper;finleydanielle@example.net;52;Lake Jonathanberg;2024-06-16
434;Paul Cortez;wmccullough@example.com;25;Lake Francisco;2024-12-04
435;Jesse Alvarado;nathansnyder@example.com;37;Port Nicole;2023-04-26
436;Mark Garcia;karen23@example.net;25;Fieldsburgh;2024-09-17
437;Phillip Green;rodgersmelissa@example.org;20;Loriburgh;2024-02-14
438;Paul Freeman;greerchristian@example.org;38;Ericton;2024-12-20
439;Steven Riley;marypreston@example.net;36;Burtonburgh;2023-11-08
440;Andres Lynch;fitzgeraldchristopher@example.com;63;Lake Jenniferburgh;2023-10-19
441;Hector Parrish;smccall@example.net;36;West Julie;2023-04-20
442;Richard Duarte;heathergarcia@example.com;22;Matthewfurt;2023-09-17
443;Mike Salinas;lauren91@example.net;23;West Christopherfort;2024-03-06
444;Tracey Mclaughlin;pamelamarquez@example.com;67;East Melissa;2024-01-28
445;Johnathan Miller;shuerta@example.com;60;Millerside;2023-12-15
446;Joseph Wagner;donna72@example.net;51;Port Julieborough;2024-09-03
447;Robert Tran;handerson@example.net;37;New Latasha;2024-02-11
448;Brian Jordan;phamrenee@example.org;46;Robertland;2023-05-14
449;Jason Silva;llevy@example.com;26;Alyssabury;2024-01-23
450;Michael Brady;imoore@example.com;62;South Laurie;2023-12-23
451;Lynn Harris;alexanderjohnson@example.org;23;New Brianfort;2024-12-23
452;Kevin Taylor;munozwalter@example.org;30;South Christopher;2024-04-23
453;Matthew Murray;anna75@example.com;23;Lake James;2024-01-24
454;Karen Grant;singhsarah@example.net;22;Palmerhaven;2024-12-04
455;Stefanie Cox;lindabuchanan@example.com;33;Jenniferport;2023-08-03
456;Michael Hubbard;ashleycurtis@example.org;64;New Danaville;2024-07-16
457;Dennis Castaneda;nicolebaker@example.org;39;North Kelly;2023-11-25
458;Laura Boyle;woodsjacob@example.org;36;Kennethmouth;2024-08-23
459;Danielle Barrett;colecarolyn@example.net;51;Whitehaven;2023-10-19
460;Ana Martin;michaelmedina@example.com;55;Riverafort;2024-06-09
461;Jonathan West;nvaughn@example.org;37;Waltonfurt;2023-08-28
462;Jennifer Holt;herringcaitlin@example.org;57;Elizabethton;2024-09-02
463;Seth Mcguire;brownkathryn@example.com;51;Port Michael;2024-09-28
464;Heather Klein;penatamara@example.net;48;Kellystad;2023-08-28
465;Shannon Peters;allendarryl@example.com;43;Hillland;2025-03-09
466;Laura Moreno;destiny26@example.org;37;East Christopher;2025-01-04
467;Alexander Reyes;browndevin@example.com;29;Loganstad;2024-04-15
468;Douglas Berry;shannon75@example.org;21;South Laurenbury;2023-08-23
469;Tammy Mckee;patricia46@example.com;34;Jacksonmouth;2024-04-29
470;Timothy Rodriguez;crystalowen@example.org;27;Austinborough;2023-08-10
471;Jeffrey Cain;jean64@example.com;20;Andreaview;2024-02-28
472;Samuel Jones;gonzalezmichael@example.com;53;East Maryport;2024-10-20
473;Jacob Hill;daniel40@example.net;47;New Jessica;2024-04-12
474;Jose Woods;yjohnson@example.net;31;Barnesland;2024-07-18
475;Robert Phillips;samuel82@example.org;54;Robertton;2024-06-22
476;Joel Phillips;phillipseric@example.com;47;Lake Christopher;2024-03-07
477;Charles Smith;wbrown@example.org;57;Lake Susan;2025-02-01
478;Kara Turner;karen79@example.org;52;Davidton;2024-03-23
479;Kristen Gibson DDS;arnoldfrederick@example.com;25;West James;2023-06-19
480;Stephanie Maxwell;prichardson@example.org;59;Lake Peter;2023-06-21
481;Nicholas Wu;lhill@example.org;57;Randyport;2023-11-25
482;Douglas Higgins;ginawalsh@example.com;68;East Austin;2024-02-10
483;Selena Vargas;scott59@example.com;39;Jonesfort;2024-10-15
484;Austin Lewis;masondaniel@example.org;20;Rachaelstad;2024-02-08
485;Christopher Stone;jessicaphillips@example.net;43;Holtmouth;2023-08-30
486;Nicole Jones;gregorysawyer@example.org;43;New Danielle;2023-07-02
487;Brittany Bell;sarah78@example.org;23;Lanestad;2025-02-28
488;Angela Cabrera;craig96@example.net;57;East Elizabethmouth;2023-07-08
489;Karl Morrison;williamskelsey@example.com;35;Smithport;2023-07-01
490;Dr. Aimee Morgan MD;nsalinas@example.org;24;Danielville;2024-06-03
491;Anthony Powell;derek86@example.org;57;Jeremyton;2024-08-10
492;Scott Moreno;jackmercado@example.org;53;Victoriaborough;2023-05-03
493;Michael Spencer;lisa76@example.com;54;Welchview;2024-06-13
494;Kevin Benson;aprilcarey@example.com;70;Lake Edgarside;2024-12-10
495;Kelly Ramirez;mjacobs@example.org;39;South Heatherbury;2024-01-27
496;Jessica Stephens;karen90@example.org;45;Stevensfort;2024-02-07
497;Ryan Jackson;jennifer76@example.net;32;Johnnyside;2023-04-22
498;Kristen Richardson;andrewilliams@example.org;25;East Tiffanyton;2024-03-31
499;Holly Ryan;ericawolf@example.com;31;East Brianfort;2024-01-18
500;Mary Freeman;hendersonheather@example.org;58;Maryland;2023-05-23
